{
"__comment": "Designed by Elimusgrove9 with BDcraft Cubik PRO 0.92 Beta - http://bdcraft.net",
"textures": {
    "texture": "blocks/ladder"
},
"elements": [ 
{
    "from": [ 15, 0, 2 ],
    "to": [ 16, 16, 4 ],
    "faces": {
        "down":  { "uv": [ 2, 3, 1, 1 ], "texture": "#texture" },
        "up":    { "uv": [ 14, 1, 15, 3 ], "texture": "#texture" },
        "north": { "uv": [ 2, 0, 3, 16 ], "texture": "#texture" },
        "south": { "uv": [ 13, 0, 14, 16 ], "texture": "#texture" },
        "west":  { "uv": [ 2, 0, 4, 16 ], "texture": "#texture" },
        "east":  { "uv": [ 12, 0, 14, 16 ], "texture": "#texture" }
    }
},
{
    "from": [ 15, 0, 12 ],
    "to": [ 16, 16, 14 ],
    "faces": {
        "down":  { "uv": [ 2, 15, 1, 13 ], "texture": "#texture" },
        "up":    { "uv": [ 14, 13, 15, 15 ], "texture": "#texture" },
        "north": { "uv": [ 2, 0, 3, 16 ], "texture": "#texture" },
        "south": { "uv": [ 13, 0, 14, 16 ], "texture": "#texture" },
        "west":  { "uv": [ 12, 0, 14, 16 ], "texture": "#texture" },
        "east":  { "uv": [ 2, 0, 4, 16 ], "texture": "#texture" }
    }
},
{
    "from": [ 15, 13, 1 ],
    "to": [ 16, 15, 15 ],
    "faces": {
        "down":  { "uv": [ 13, 1, 14, 15 ], "texture": "#texture" },
        "up":    { "uv": [ 13, 1, 14, 15 ], "texture": "#texture" },
        "north": { "uv": [ 14, 1, 15, 3 ], "texture": "#texture" },
        "south": { "uv": [ 14, 1, 15, 3 ], "texture": "#texture" },
        "west":  { "uv": [ 1, 1, 15, 3 ], "texture": "#texture" },
        "east":  { "uv": [ 1, 1, 15, 3 ], "texture": "#texture" }
    }
},
{
    "from": [ 15, 9, 1 ],
    "to": [ 16, 11, 15 ],
    "faces": {
        "down":  { "uv": [ 3, 15, 2, 1 ], "texture": "#texture" },
        "up":    { "uv": [ 13, 1, 14, 15 ], "texture": "#texture" },
        "north": { "uv": [ 1, 5, 2, 7 ], "texture": "#texture" },
        "south": { "uv": [ 14, 5, 15, 7 ], "texture": "#texture" },
        "west":  { "uv": [ 1, 5, 15, 7 ], "texture": "#texture" },
        "east":  { "uv": [ 1, 5, 15, 7 ], "texture": "#texture" }
    }
},
{
    "from": [ 15, 5, 1 ],
    "to": [ 16, 7, 15 ],
    "faces": {
        "down":  { "uv": [ 3, 15, 2, 1 ], "texture": "#texture" },
        "up":    { "uv": [ 13, 1, 14, 15 ], "texture": "#texture" },
        "north": { "uv": [ 1, 9, 2, 11 ], "texture": "#texture" },
        "south": { "uv": [ 14, 9, 15, 11 ], "texture": "#texture" },
        "west":  { "uv": [ 1, 9, 15, 11 ], "texture": "#texture" },
        "east":  { "uv": [ 1, 9, 15, 11 ], "texture": "#texture" }
    }
},
{
    "from": [ 15, 1, 1 ],
    "to": [ 16, 3, 15 ],
    "faces": {
        "down":  { "uv": [ 3, 15, 2, 1 ], "texture": "#texture" },
        "up":    { "uv": [ 13, 1, 14, 15 ], "texture": "#texture" },
        "north": { "uv": [ 1, 13, 2, 15 ], "texture": "#texture" },
        "south": { "uv": [ 14, 13, 15, 15 ], "texture": "#texture" },
        "west":  { "uv": [ 1, 13, 15, 15 ], "texture": "#texture" },
        "east":  { "uv": [ 1, 13, 15, 15 ], "texture": "#texture" }
    }
}
]
}