{
"__comment": "Designed by Elimusgrove9 with BDcraft Cubik PRO 0.92 Beta - http://bdcraft.net",
"textures": {
    "texture": "blocks/redstone_lamp_off"
},
"elements": [ 
{
    "from": [ 0, 0, 0 ],
    "to": [ 16, 16, 16 ],
    "faces": {
        "down":  { "uv": [ 16, 16, 0, 0 ], "texture": "#texture" },
        "up":    { "uv": [ 0, 0, 16, 16 ], "texture": "#texture" },
        "north": { "uv": [ 0, 0, 16, 16 ], "texture": "#texture" },
        "south": { "uv": [ 0, 0, 16, 16 ], "texture": "#texture" },
        "west":  { "uv": [ 0, 0, 16, 16 ], "texture": "#texture" },
        "east":  { "uv": [ 0, 0, 16, 16 ], "texture": "#texture" }
    }
},
{
    "from": [ -1, 9, 4 ],
    "to": [ 17, 10, 5 ],
    "faces": {
        "down":  { "uv": [ 16, 5, 0, 4 ], "texture": "#texture" },
        "up":    { "uv": [ 0, 4, 16, 5 ], "texture": "#texture" },
        "north": { "uv": [ 0, 6, 16, 7 ], "texture": "#texture" },
        "south": { "uv": [ 0, 6, 16, 7 ], "texture": "#texture" },
        "west":  { "uv": [ 4, 6, 5, 7 ], "texture": "#texture" },
        "east":  { "uv": [ 11, 6, 12, 7 ], "texture": "#texture" }
    }
},
{
    "from": [ -1, 10, 10 ],
    "to": [ 17, 11, 11 ],
    "faces": {
        "down":  { "uv": [ 16, 11, 0, 10 ], "texture": "#texture" },
        "up":    { "uv": [ 0, 10, 16, 11 ], "texture": "#texture" },
        "north": { "uv": [ 0, 5, 16, 6 ], "texture": "#texture" },
        "south": { "uv": [ 0, 5, 16, 6 ], "texture": "#texture" },
        "west":  { "uv": [ 10, 5, 11, 6 ], "texture": "#texture" },
        "east":  { "uv": [ 5, 5, 6, 6 ], "texture": "#texture" }
    }
},
{
    "from": [ -1, 10, 5 ],
    "to": [ 17, 11, 6 ],
    "faces": {
        "down":  { "uv": [ 16, 6, 0, 5 ], "texture": "#texture" },
        "up":    { "uv": [ 0, 5, 16, 6 ], "texture": "#texture" },
        "north": { "uv": [ 0, 5, 16, 6 ], "texture": "#texture" },
        "south": { "uv": [ 0, 5, 16, 6 ], "texture": "#texture" },
        "west":  { "uv": [ 5, 5, 6, 6 ], "texture": "#texture" },
        "east":  { "uv": [ 10, 5, 11, 6 ], "texture": "#texture" }
    }
},
{
    "from": [ -1, 11, 6 ],
    "to": [ 17, 12, 7 ],
    "faces": {
        "down":  { "uv": [ 16, 7, 0, 6 ], "texture": "#texture" },
        "up":    { "uv": [ 0, 6, 16, 7 ], "texture": "#texture" },
        "north": { "uv": [ 0, 4, 16, 5 ], "texture": "#texture" },
        "south": { "uv": [ 0, 4, 16, 5 ], "texture": "#texture" },
        "west":  { "uv": [ 6, 4, 7, 5 ], "texture": "#texture" },
        "east":  { "uv": [ 9, 4, 10, 5 ], "texture": "#texture" }
    }
},
{
    "from": [ -1, 11, 9 ],
    "to": [ 17, 12, 10 ],
    "faces": {
        "down":  { "uv": [ 16, 10, 0, 9 ], "texture": "#texture" },
        "up":    { "uv": [ 0, 9, 16, 10 ], "texture": "#texture" },
        "north": { "uv": [ 0, 4, 16, 5 ], "texture": "#texture" },
        "south": { "uv": [ 0, 4, 16, 5 ], "texture": "#texture" },
        "west":  { "uv": [ 9, 4, 10, 5 ], "texture": "#texture" },
        "east":  { "uv": [ 6, 4, 7, 5 ], "texture": "#texture" }
    }
},
{
    "from": [ -1, 9, 11 ],
    "to": [ 17, 10, 12 ],
    "faces": {
        "down":  { "uv": [ 16, 12, 0, 11 ], "texture": "#texture" },
        "up":    { "uv": [ 0, 11, 16, 12 ], "texture": "#texture" },
        "north": { "uv": [ 0, 6, 16, 7 ], "texture": "#texture" },
        "south": { "uv": [ 0, 6, 16, 7 ], "texture": "#texture" },
        "west":  { "uv": [ 11, 6, 12, 7 ], "texture": "#texture" },
        "east":  { "uv": [ 4, 6, 5, 7 ], "texture": "#texture" }
    }
},
{
    "from": [ -1, 6, 11 ],
    "to": [ 17, 7, 12 ],
    "faces": {
        "down":  { "uv": [ 16, 12, 0, 11 ], "texture": "#texture" },
        "up":    { "uv": [ 0, 11, 16, 12 ], "texture": "#texture" },
        "north": { "uv": [ 0, 9, 16, 10 ], "texture": "#texture" },
        "south": { "uv": [ 0, 9, 16, 10 ], "texture": "#texture" },
        "west":  { "uv": [ 11, 9, 12, 10 ], "texture": "#texture" },
        "east":  { "uv": [ 4, 9, 5, 10 ], "texture": "#texture" }
    }
},
{
    "from": [ -1, 5, 10 ],
    "to": [ 17, 6, 11 ],
    "faces": {
        "down":  { "uv": [ 16, 11, 0, 10 ], "texture": "#texture" },
        "up":    { "uv": [ 0, 10, 16, 11 ], "texture": "#texture" },
        "north": { "uv": [ 0, 10, 16, 11 ], "texture": "#texture" },
        "south": { "uv": [ 0, 10, 16, 11 ], "texture": "#texture" },
        "west":  { "uv": [ 10, 10, 11, 11 ], "texture": "#texture" },
        "east":  { "uv": [ 5, 10, 6, 11 ], "texture": "#texture" }
    }
},
{
    "from": [ -1, 4, 9 ],
    "to": [ 17, 5, 10 ],
    "faces": {
        "down":  { "uv": [ 16, 10, 0, 9 ], "texture": "#texture" },
        "up":    { "uv": [ 0, 9, 16, 10 ], "texture": "#texture" },
        "north": { "uv": [ 0, 11, 16, 12 ], "texture": "#texture" },
        "south": { "uv": [ 0, 11, 16, 12 ], "texture": "#texture" },
        "west":  { "uv": [ 9, 11, 10, 12 ], "texture": "#texture" },
        "east":  { "uv": [ 6, 11, 7, 12 ], "texture": "#texture" }
    }
},
{
    "from": [ -1, 6, 4 ],
    "to": [ 17, 7, 5 ],
    "faces": {
        "down":  { "uv": [ 16, 5, 0, 4 ], "texture": "#texture" },
        "up":    { "uv": [ 0, 4, 16, 5 ], "texture": "#texture" },
        "north": { "uv": [ 0, 9, 16, 10 ], "texture": "#texture" },
        "south": { "uv": [ 0, 9, 16, 10 ], "texture": "#texture" },
        "west":  { "uv": [ 4, 9, 5, 10 ], "texture": "#texture" },
        "east":  { "uv": [ 11, 9, 12, 10 ], "texture": "#texture" }
    }
},
{
    "from": [ -1, 5, 5 ],
    "to": [ 17, 6, 6 ],
    "faces": {
        "down":  { "uv": [ 16, 6, 0, 5 ], "texture": "#texture" },
        "up":    { "uv": [ 0, 5, 16, 6 ], "texture": "#texture" },
        "north": { "uv": [ 0, 10, 16, 11 ], "texture": "#texture" },
        "south": { "uv": [ 0, 10, 16, 11 ], "texture": "#texture" },
        "west":  { "uv": [ 5, 10, 6, 11 ], "texture": "#texture" },
        "east":  { "uv": [ 10, 10, 11, 11 ], "texture": "#texture" }
    }
},
{
    "from": [ -1, 4, 6 ],
    "to": [ 17, 5, 7 ],
    "faces": {
        "down":  { "uv": [ 16, 7, 0, 6 ], "texture": "#texture" },
        "up":    { "uv": [ 0, 6, 16, 7 ], "texture": "#texture" },
        "north": { "uv": [ 0, 11, 16, 12 ], "texture": "#texture" },
        "south": { "uv": [ 0, 11, 16, 12 ], "texture": "#texture" },
        "west":  { "uv": [ 6, 11, 7, 12 ], "texture": "#texture" },
        "east":  { "uv": [ 9, 11, 10, 12 ], "texture": "#texture" }
    }
},
{
    "from": [ 0, 15, 16 ],
    "to": [ 16, 16, 17 ],
    "faces": {
        "down":  { "uv": [ 16, 16, 0, 16 ], "texture": "#texture" },
        "up":    { "uv": [ 0, 16, 16, 16 ], "texture": "#texture" },
        "north": { "uv": [ 0, 0, 16, 1 ], "texture": "#texture" },
        "south": { "uv": [ 0, 0, 16, 1 ], "texture": "#texture" },
        "west":  { "uv": [ 16, 0, 16, 1 ], "texture": "#texture" },
        "east":  { "uv": [ 0, 0, 0, 1 ], "texture": "#texture" }
    }
},
{
    "from": [ 15, 0, -1 ],
    "to": [ 16.5, 16, 1 ],
    "faces": {
        "down":  { "uv": [ 1, 1, 0, 0 ], "texture": "#texture" },
        "up":    { "uv": [ 15, 0, 16, 1 ], "texture": "#texture" },
        "north": { "uv": [ 0, 0, 1, 16 ], "texture": "#texture" },
        "south": { "uv": [ 15, 0, 16, 16 ], "texture": "#texture" },
        "west":  { "uv": [ 0, 0, 1, 16 ], "texture": "#texture" },
        "east":  { "uv": [ 15, 0, 16, 16 ], "texture": "#texture" }
    }
},
{
    "from": [ -1, 0, 15 ],
    "to": [ 1, 16, 17 ],
    "faces": {
        "down":  { "uv": [ 16, 16, 15, 15 ], "texture": "#texture" },
        "up":    { "uv": [ 0, 15, 1, 16 ], "texture": "#texture" },
        "north": { "uv": [ 15, 0, 16, 16 ], "texture": "#texture" },
        "south": { "uv": [ 0, 0, 1, 16 ], "texture": "#texture" },
        "west":  { "uv": [ 15, 0, 16, 16 ], "texture": "#texture" },
        "east":  { "uv": [ 0, 0, 1, 16 ], "texture": "#texture" }
    }
},
{
    "from": [ 15, 0, 15 ],
    "to": [ 17, 16, 17 ],
    "faces": {
        "down":  { "uv": [ 1, 16, 0, 15 ], "texture": "#texture" },
        "up":    { "uv": [ 15, 15, 16, 16 ], "texture": "#texture" },
        "north": { "uv": [ 0, 0, 1, 16 ], "texture": "#texture" },
        "south": { "uv": [ 15, 0, 16, 16 ], "texture": "#texture" },
        "west":  { "uv": [ 15, 0, 16, 16 ], "texture": "#texture" },
        "east":  { "uv": [ 0, 0, 1, 16 ], "texture": "#texture" }
    }
},
{
    "from": [ 0, 15, -1 ],
    "to": [ 16, 16, 0 ],
    "faces": {
        "down":  { "uv": [ 16, 0, 0, 0 ], "texture": "#texture" },
        "up":    { "uv": [ 0, 0, 16, 0 ], "texture": "#texture" },
        "north": { "uv": [ 0, 0, 16, 1 ], "texture": "#texture" },
        "south": { "uv": [ 0, 0, 16, 1 ], "texture": "#texture" },
        "west":  { "uv": [ 0, 0, 0, 1 ], "texture": "#texture" },
        "east":  { "uv": [ 16, 0, 16, 1 ], "texture": "#texture" }
    }
},
{
    "from": [ 0, 0, -1 ],
    "to": [ 16, 1, 0 ],
    "faces": {
        "down":  { "uv": [ 16, 0, 0, 0 ], "texture": "#texture" },
        "up":    { "uv": [ 0, 0, 16, 0 ], "texture": "#texture" },
        "north": { "uv": [ 0, 15, 16, 16 ], "texture": "#texture" },
        "south": { "uv": [ 0, 15, 16, 16 ], "texture": "#texture" },
        "west":  { "uv": [ 0, 15, 0, 16 ], "texture": "#texture" },
        "east":  { "uv": [ 16, 15, 16, 16 ], "texture": "#texture" }
    }
},
{
    "from": [ 0, 0, 16 ],
    "to": [ 16, 1, 17 ],
    "faces": {
        "down":  { "uv": [ 16, 16, 0, 16 ], "texture": "#texture" },
        "up":    { "uv": [ 0, 16, 16, 16 ], "texture": "#texture" },
        "north": { "uv": [ 0, 15, 16, 16 ], "texture": "#texture" },
        "south": { "uv": [ 0, 15, 16, 16 ], "texture": "#texture" },
        "west":  { "uv": [ 16, 15, 16, 16 ], "texture": "#texture" },
        "east":  { "uv": [ 0, 15, 0, 16 ], "texture": "#texture" }
    }
},
{
    "from": [ 15, 0, -1 ],
    "to": [ 17, 16, 1 ],
    "faces": {
        "down":  { "uv": [ 1, 1, 0, 0 ], "texture": "#texture" },
        "up":    { "uv": [ 15, 0, 16, 1 ], "texture": "#texture" },
        "north": { "uv": [ 0, 0, 1, 16 ], "texture": "#texture" },
        "south": { "uv": [ 15, 0, 16, 16 ], "texture": "#texture" },
        "west":  { "uv": [ 0, 0, 1, 16 ], "texture": "#texture" },
        "east":  { "uv": [ 15, 0, 16, 16 ], "texture": "#texture" }
    }
},
{
    "from": [ -1, 15, 0.5 ],
    "to": [ 0, 16, 15 ],
    "faces": {
        "down":  { "uv": [ 16, 15, 16, 0.5 ], "texture": "#texture" },
        "up":    { "uv": [ 0, 0.5, 0, 15 ], "texture": "#texture" },
        "north": { "uv": [ 16, 0, 16, 1 ], "texture": "#texture" },
        "south": { "uv": [ 0, 0, 0, 1 ], "texture": "#texture" },
        "west":  { "uv": [ 0.5, 0, 15, 1 ], "texture": "#texture" },
        "east":  { "uv": [ 1, 0, 15.5, 1 ], "texture": "#texture" }
    }
},
{
    "from": [ 9, 11, -1 ],
    "to": [ 10, 12, 17 ],
    "faces": {
        "down":  { "uv": [ 7, 16, 6, 0 ], "texture": "#texture" },
        "up":    { "uv": [ 9, 0, 10, 16 ], "texture": "#texture" },
        "north": { "uv": [ 6, 4, 7, 5 ], "texture": "#texture" },
        "south": { "uv": [ 9, 4, 10, 5 ], "texture": "#texture" },
        "west":  { "uv": [ 0, 4, 16, 5 ], "texture": "#texture" },
        "east":  { "uv": [ 0, 4, 16, 5 ], "texture": "#texture" }
    }
},
{
    "from": [ 10, 10, -1 ],
    "to": [ 11, 11, 17 ],
    "faces": {
        "down":  { "uv": [ 6, 16, 5, 0 ], "texture": "#texture" },
        "up":    { "uv": [ 10, 0, 11, 16 ], "texture": "#texture" },
        "north": { "uv": [ 5, 5, 6, 6 ], "texture": "#texture" },
        "south": { "uv": [ 10, 5, 11, 6 ], "texture": "#texture" },
        "west":  { "uv": [ 0, 5, 16, 6 ], "texture": "#texture" },
        "east":  { "uv": [ 0, 5, 16, 6 ], "texture": "#texture" }
    }
},
{
    "from": [ 11, 9, -1 ],
    "to": [ 12, 10, 17 ],
    "faces": {
        "down":  { "uv": [ 5, 16, 4, 0 ], "texture": "#texture" },
        "up":    { "uv": [ 11, 0, 12, 16 ], "texture": "#texture" },
        "north": { "uv": [ 4, 6, 5, 7 ], "texture": "#texture" },
        "south": { "uv": [ 11, 6, 12, 7 ], "texture": "#texture" },
        "west":  { "uv": [ 0, 6, 16, 7 ], "texture": "#texture" },
        "east":  { "uv": [ 0, 6, 16, 7 ], "texture": "#texture" }
    }
},
{
    "from": [ 4, 9, -1 ],
    "to": [ 5, 10, 17 ],
    "faces": {
        "down":  { "uv": [ 12, 16, 11, 0 ], "texture": "#texture" },
        "up":    { "uv": [ 4, 0, 5, 16 ], "texture": "#texture" },
        "north": { "uv": [ 11, 6, 12, 7 ], "texture": "#texture" },
        "south": { "uv": [ 4, 6, 5, 7 ], "texture": "#texture" },
        "west":  { "uv": [ 0, 6, 16, 7 ], "texture": "#texture" },
        "east":  { "uv": [ 0, 6, 16, 7 ], "texture": "#texture" }
    }
},
{
    "from": [ 6, 11, -1 ],
    "to": [ 7, 12, 17 ],
    "faces": {
        "down":  { "uv": [ 10, 16, 9, 0 ], "texture": "#texture" },
        "up":    { "uv": [ 6, 0, 7, 16 ], "texture": "#texture" },
        "north": { "uv": [ 9, 4, 10, 5 ], "texture": "#texture" },
        "south": { "uv": [ 6, 4, 7, 5 ], "texture": "#texture" },
        "west":  { "uv": [ 0, 4, 16, 5 ], "texture": "#texture" },
        "east":  { "uv": [ 0, 4, 16, 5 ], "texture": "#texture" }
    }
},
{
    "from": [ 5, 10, -1 ],
    "to": [ 6, 11, 17 ],
    "faces": {
        "down":  { "uv": [ 11, 16, 10, 0 ], "texture": "#texture" },
        "up":    { "uv": [ 5, 0, 6, 16 ], "texture": "#texture" },
        "north": { "uv": [ 10, 5, 11, 6 ], "texture": "#texture" },
        "south": { "uv": [ 5, 5, 6, 6 ], "texture": "#texture" },
        "west":  { "uv": [ 0, 5, 16, 6 ], "texture": "#texture" },
        "east":  { "uv": [ 0, 5, 16, 6 ], "texture": "#texture" }
    }
},
{
    "from": [ 11, 6, -1 ],
    "to": [ 12, 7, 17 ],
    "faces": {
        "down":  { "uv": [ 5, 16, 4, 0 ], "texture": "#texture" },
        "up":    { "uv": [ 11, 0, 12, 16 ], "texture": "#texture" },
        "north": { "uv": [ 4, 9, 5, 10 ], "texture": "#texture" },
        "south": { "uv": [ 11, 9, 12, 10 ], "texture": "#texture" },
        "west":  { "uv": [ 0, 9, 16, 10 ], "texture": "#texture" },
        "east":  { "uv": [ 0, 9, 16, 10 ], "texture": "#texture" }
    }
},
{
    "from": [ 10, 5, -1 ],
    "to": [ 11, 6, 17 ],
    "faces": {
        "down":  { "uv": [ 6, 16, 5, 0 ], "texture": "#texture" },
        "up":    { "uv": [ 10, 0, 11, 16 ], "texture": "#texture" },
        "north": { "uv": [ 5, 10, 6, 11 ], "texture": "#texture" },
        "south": { "uv": [ 10, 10, 11, 11 ], "texture": "#texture" },
        "west":  { "uv": [ 0, 10, 16, 11 ], "texture": "#texture" },
        "east":  { "uv": [ 0, 10, 16, 11 ], "texture": "#texture" }
    }
},
{
    "from": [ 9, 4, -1 ],
    "to": [ 10, 5, 17 ],
    "faces": {
        "down":  { "uv": [ 7, 16, 6, 0 ], "texture": "#texture" },
        "up":    { "uv": [ 9, 0, 10, 16 ], "texture": "#texture" },
        "north": { "uv": [ 6, 11, 7, 12 ], "texture": "#texture" },
        "south": { "uv": [ 9, 11, 10, 12 ], "texture": "#texture" },
        "west":  { "uv": [ 0, 11, 16, 12 ], "texture": "#texture" },
        "east":  { "uv": [ 0, 11, 16, 12 ], "texture": "#texture" }
    }
},
{
    "from": [ 6, 4, -1 ],
    "to": [ 7, 5, 17 ],
    "faces": {
        "down":  { "uv": [ 10, 16, 9, 0 ], "texture": "#texture" },
        "up":    { "uv": [ 6, 0, 7, 16 ], "texture": "#texture" },
        "north": { "uv": [ 9, 11, 10, 12 ], "texture": "#texture" },
        "south": { "uv": [ 6, 11, 7, 12 ], "texture": "#texture" },
        "west":  { "uv": [ 0, 11, 16, 12 ], "texture": "#texture" },
        "east":  { "uv": [ 0, 11, 16, 12 ], "texture": "#texture" }
    }
},
{
    "from": [ 5, 5, -1 ],
    "to": [ 6, 6, 17 ],
    "faces": {
        "down":  { "uv": [ 11, 16, 10, 0 ], "texture": "#texture" },
        "up":    { "uv": [ 5, 0, 6, 16 ], "texture": "#texture" },
        "north": { "uv": [ 10, 10, 11, 11 ], "texture": "#texture" },
        "south": { "uv": [ 5, 10, 6, 11 ], "texture": "#texture" },
        "west":  { "uv": [ 0, 10, 16, 11 ], "texture": "#texture" },
        "east":  { "uv": [ 0, 10, 16, 11 ], "texture": "#texture" }
    }
},
{
    "from": [ 4, 6, -1 ],
    "to": [ 5, 7, 17 ],
    "faces": {
        "down":  { "uv": [ 12, 16, 11, 0 ], "texture": "#texture" },
        "up":    { "uv": [ 4, 0, 5, 16 ], "texture": "#texture" },
        "north": { "uv": [ 11, 9, 12, 10 ], "texture": "#texture" },
        "south": { "uv": [ 4, 9, 5, 10 ], "texture": "#texture" },
        "west":  { "uv": [ 0, 9, 16, 10 ], "texture": "#texture" },
        "east":  { "uv": [ 0, 9, 16, 10 ], "texture": "#texture" }
    }
},
{
    "from": [ 7, 12, -1 ],
    "to": [ 9, 15, 17 ],
    "faces": {
        "down":  { "uv": [ 9, 16, 7, 0 ], "texture": "#texture" },
        "up":    { "uv": [ 7, 0, 9, 16 ], "texture": "#texture" },
        "north": { "uv": [ 7, 1, 9, 4 ], "texture": "#texture" },
        "south": { "uv": [ 7, 1, 9, 4 ], "texture": "#texture" },
        "west":  { "uv": [ 0, 1, 16, 4 ], "texture": "#texture" },
        "east":  { "uv": [ 0, 1, 16, 4 ], "texture": "#texture" }
    }
},
{
    "from": [ 7, 1, -1 ],
    "to": [ 9, 4, 17 ],
    "faces": {
        "down":  { "uv": [ 9, 16, 7, 0 ], "texture": "#texture" },
        "up":    { "uv": [ 7, 0, 9, 16 ], "texture": "#texture" },
        "north": { "uv": [ 7, 12, 9, 15 ], "texture": "#texture" },
        "south": { "uv": [ 7, 12, 9, 15 ], "texture": "#texture" },
        "west":  { "uv": [ 0, 12, 16, 15 ], "texture": "#texture" },
        "east":  { "uv": [ 0, 12, 16, 15 ], "texture": "#texture" }
    }
},
{
    "from": [ 12, 7, -1 ],
    "to": [ 15, 9, 17 ],
    "faces": {
        "down":  { "uv": [ 4, 16, 1, 0 ], "texture": "#texture" },
        "up":    { "uv": [ 12, 0, 15, 16 ], "texture": "#texture" },
        "north": { "uv": [ 1, 7, 4, 9 ], "texture": "#texture" },
        "south": { "uv": [ 12, 7, 15, 9 ], "texture": "#texture" },
        "west":  { "uv": [ 0, 7, 16, 9 ], "texture": "#texture" },
        "east":  { "uv": [ 0, 7, 16, 9 ], "texture": "#texture" }
    }
},
{
    "from": [ 1, 7, -1 ],
    "to": [ 4, 9, 17 ],
    "faces": {
        "down":  { "uv": [ 15, 16, 12, 0 ], "texture": "#texture" },
        "up":    { "uv": [ 1, 0, 4, 16 ], "texture": "#texture" },
        "north": { "uv": [ 12, 7, 15, 9 ], "texture": "#texture" },
        "south": { "uv": [ 1, 7, 4, 9 ], "texture": "#texture" },
        "west":  { "uv": [ 0, 7, 16, 9 ], "texture": "#texture" },
        "east":  { "uv": [ 0, 7, 16, 9 ], "texture": "#texture" }
    }
},
{
    "from": [ -1, 12, 7 ],
    "to": [ 17, 15, 9 ],
    "faces": {
        "down":  { "uv": [ 16, 9, 0, 7 ], "texture": "#texture" },
        "up":    { "uv": [ 0, 7, 16, 9 ], "texture": "#texture" },
        "north": { "uv": [ 0, 1, 16, 4 ], "texture": "#texture" },
        "south": { "uv": [ 0, 1, 16, 4 ], "texture": "#texture" },
        "west":  { "uv": [ 7, 1, 9, 4 ], "texture": "#texture" },
        "east":  { "uv": [ 7, 1, 9, 4 ], "texture": "#texture" }
    }
},
{
    "from": [ -1, 1, 7 ],
    "to": [ 17, 4, 9 ],
    "faces": {
        "down":  { "uv": [ 16, 9, 0, 7 ], "texture": "#texture" },
        "up":    { "uv": [ 0, 7, 16, 9 ], "texture": "#texture" },
        "north": { "uv": [ 0, 12, 16, 15 ], "texture": "#texture" },
        "south": { "uv": [ 0, 12, 16, 15 ], "texture": "#texture" },
        "west":  { "uv": [ 7, 12, 9, 15 ], "texture": "#texture" },
        "east":  { "uv": [ 7, 12, 9, 15 ], "texture": "#texture" }
    }
},
{
    "from": [ -1, 7, 1 ],
    "to": [ 17, 9, 4 ],
    "faces": {
        "down":  { "uv": [ 16, 4, 0, 1 ], "texture": "#texture" },
        "up":    { "uv": [ 0, 1, 16, 4 ], "texture": "#texture" },
        "north": { "uv": [ 0, 7, 16, 9 ], "texture": "#texture" },
        "south": { "uv": [ 0, 7, 16, 9 ], "texture": "#texture" },
        "west":  { "uv": [ 1, 7, 4, 9 ], "texture": "#texture" },
        "east":  { "uv": [ 12, 7, 15, 9 ], "texture": "#texture" }
    }
},
{
    "from": [ -1, 7, 12 ],
    "to": [ 17, 9, 15 ],
    "faces": {
        "down":  { "uv": [ 16, 15, 0, 12 ], "texture": "#texture" },
        "up":    { "uv": [ 0, 12, 16, 15 ], "texture": "#texture" },
        "north": { "uv": [ 0, 7, 16, 9 ], "texture": "#texture" },
        "south": { "uv": [ 0, 7, 16, 9 ], "texture": "#texture" },
        "west":  { "uv": [ 12, 7, 15, 9 ], "texture": "#texture" },
        "east":  { "uv": [ 1, 7, 4, 9 ], "texture": "#texture" }
    }
},
{
    "from": [ -1, 0, -1 ],
    "to": [ 1, 16, 1 ],
    "faces": {
        "down":  { "uv": [ 16, 1, 15, 0 ], "texture": "#texture" },
        "up":    { "uv": [ 0, 0, 1, 1 ], "texture": "#texture" },
        "north": { "uv": [ 15, 0, 16, 16 ], "texture": "#texture" },
        "south": { "uv": [ 0, 0, 1, 16 ], "texture": "#texture" },
        "west":  { "uv": [ 0, 0, 1, 16 ], "texture": "#texture" },
        "east":  { "uv": [ 15, 0, 16, 16 ], "texture": "#texture" }
    }
},
{
    "from": [ -1, 0, 0.5 ],
    "to": [ 0, 1, 15 ],
    "faces": {
        "down":  { "uv": [ 16, 15, 16, 0.5 ], "texture": "#texture" },
        "up":    { "uv": [ 0, 0.5, 0, 15 ], "texture": "#texture" },
        "north": { "uv": [ 16, 15, 16, 16 ], "texture": "#texture" },
        "south": { "uv": [ 0, 15, 0, 16 ], "texture": "#texture" },
        "west":  { "uv": [ 0.5, 15, 15, 16 ], "texture": "#texture" },
        "east":  { "uv": [ 1, 15, 15.5, 16 ], "texture": "#texture" }
    }
},
{
    "from": [ 16, 0, 0.5 ],
    "to": [ 17, 1, 15 ],
    "faces": {
        "down":  { "uv": [ 0, 15, 0, 0.5 ], "texture": "#texture" },
        "up":    { "uv": [ 16, 0.5, 16, 15 ], "texture": "#texture" },
        "north": { "uv": [ 0, 15, 0, 16 ], "texture": "#texture" },
        "south": { "uv": [ 16, 15, 16, 16 ], "texture": "#texture" },
        "west":  { "uv": [ 0.5, 15, 15, 16 ], "texture": "#texture" },
        "east":  { "uv": [ 1, 15, 15.5, 16 ], "texture": "#texture" }
    }
},
{
    "from": [ 16, 15, 1 ],
    "to": [ 17, 16, 15.5 ],
    "faces": {
        "down":  { "uv": [ 0, 15.5, 0, 1 ], "texture": "#texture" },
        "up":    { "uv": [ 16, 1, 16, 15.5 ], "texture": "#texture" },
        "north": { "uv": [ 0, 0, 0, 1 ], "texture": "#texture" },
        "south": { "uv": [ 16, 0, 16, 1 ], "texture": "#texture" },
        "west":  { "uv": [ 1, 0, 15.5, 1 ], "texture": "#texture" },
        "east":  { "uv": [ 0.5, 0, 15, 1 ], "texture": "#texture" }
    }
}
]
}