{
"__comment": "Designed by Assasin794 with BDcraft Cubik PRO 0.92 Beta - http://bdcraft.net",
"textures": {
    "texture": "blocks/redstone_alt",
    "redstone_ore": "blocks/redstone_ore"
},
"elements": [ 
{
    "from": [ 0.5, 0.5, 0.5 ],
    "to": [ 15.5, 15.5, 15.5 ],
    "faces": {
        "down":  { "uv": [ 15.5, 15.5, 0.5, 0.5 ], "texture": "#redstone_ore" },
        "up":    { "uv": [ 0.5, 0.5, 15.5, 15.5 ], "texture": "#redstone_ore" },
        "north": { "uv": [ 0.5, 0.5, 15.5, 15.5 ], "texture": "#redstone_ore" },
        "south": { "uv": [ 0.5, 0.5, 15.5, 15.5 ], "texture": "#redstone_ore" },
        "west":  { "uv": [ 0.5, 0.5, 15.5, 15.5 ], "texture": "#redstone_ore" },
        "east":  { "uv": [ 0.5, 0.5, 15.5, 15.5 ], "texture": "#redstone_ore" }
    }
},
{
    "from": [ 0, 13, 4 ],
    "to": [ 0.5, 14, 5 ],
    "faces": {
        "down":  { "uv": [ 16, 5, 15.5, 4 ], "texture": "#texture" },
        "up":    { "uv": [ 0, 4, 0.5, 5 ], "texture": "#texture" },
        "north": { "uv": [ 15.5, 2, 16, 3 ], "texture": "#texture" },
        "south": { "uv": [ 0, 2, 0.5, 3 ], "texture": "#texture" },
        "west":  { "uv": [ 4, 2, 5, 3 ], "texture": "#texture", "cullface": "west" }
    }
},
{
    "from": [ 0, 13, 12 ],
    "to": [ 0.5, 14, 14 ],
    "faces": {
        "down":  { "uv": [ 16, 14, 15.5, 12 ], "texture": "#texture" },
        "up":    { "uv": [ 0, 12, 0.5, 14 ], "texture": "#texture" },
        "north": { "uv": [ 15.5, 2, 16, 3 ], "texture": "#texture" },
        "south": { "uv": [ 0, 2, 0.5, 3 ], "texture": "#texture" },
        "west":  { "uv": [ 12, 2, 14, 3 ], "texture": "#texture", "cullface": "west" }
    }
},
{
    "from": [ 0, 12, 7 ],
    "to": [ 0.5, 13, 9 ],
    "faces": {
        "down":  { "uv": [ 16, 9, 15.5, 7 ], "texture": "#texture" },
        "up":    { "uv": [ 0, 7, 0.5, 9 ], "texture": "#texture" },
        "north": { "uv": [ 15.5, 3, 16, 4 ], "texture": "#texture" },
        "south": { "uv": [ 0, 3, 0.5, 4 ], "texture": "#texture" },
        "west":  { "uv": [ 7, 3, 9, 4 ], "texture": "#texture", "cullface": "west" }
    }
},
{
    "from": [ 0, 10, 5 ],
    "to": [ 0.5, 11, 7 ],
    "faces": {
        "up":    { "uv": [ 0, 5, 0.5, 7 ], "texture": "#texture" },
        "north": { "uv": [ 15.5, 5, 16, 6 ], "texture": "#texture" },
        "south": { "uv": [ 0, 5, 0.5, 6 ], "texture": "#texture" },
        "west":  { "uv": [ 5, 5, 7, 6 ], "texture": "#texture", "cullface": "west" }
    }
},
{
    "from": [ 0, 9, 10 ],
    "to": [ 0.5, 11, 12 ],
    "faces": {
        "down":  { "uv": [ 16, 12, 15.5, 10 ], "texture": "#texture" },
        "up":    { "uv": [ 0, 10, 0.5, 12 ], "texture": "#texture" },
        "north": { "uv": [ 15.5, 5, 16, 7 ], "texture": "#texture" },
        "south": { "uv": [ 0, 5, 0.5, 7 ], "texture": "#texture" },
        "west":  { "uv": [ 10, 5, 12, 7 ], "texture": "#texture", "cullface": "west" }
    }
},
{
    "from": [ 0, 9, 3 ],
    "to": [ 0.5, 10, 8 ],
    "faces": {
        "down":  { "uv": [ 16, 8, 15.5, 3 ], "texture": "#texture" },
        "up":    { "uv": [ 0, 3, 0.5, 8 ], "texture": "#texture" },
        "north": { "uv": [ 15.5, 6, 16, 7 ], "texture": "#texture" },
        "south": { "uv": [ 0, 6, 0.5, 7 ], "texture": "#texture" },
        "west":  { "uv": [ 3, 6, 8, 7 ], "texture": "#texture", "cullface": "west" }
    }
},
{
    "from": [ 0, 7, 8 ],
    "to": [ 0.5, 8, 10 ],
    "faces": {
        "up":    { "uv": [ 0, 8, 0.5, 10 ], "texture": "#texture" },
        "north": { "uv": [ 15.5, 8, 16, 9 ], "texture": "#texture" },
        "south": { "uv": [ 0, 8, 0.5, 9 ], "texture": "#texture" },
        "west":  { "uv": [ 8, 8, 10, 9 ], "texture": "#texture" }
    }
},
{
    "from": [ 0, 7, 1 ],
    "to": [ 0.5, 8, 3 ],
    "faces": {
        "down":  { "uv": [ 16, 3, 15.5, 1 ], "texture": "#texture" },
        "up":    { "uv": [ 0, 1, 0.5, 3 ], "texture": "#texture" },
        "north": { "uv": [ 15.5, 8, 16, 9 ], "texture": "#texture" },
        "south": { "uv": [ 0, 8, 0.5, 9 ], "texture": "#texture" },
        "west":  { "uv": [ 1, 8, 3, 9 ], "texture": "#texture" }
    }
},
{
    "from": [ 0, 6, 7 ],
    "to": [ 0.5, 7, 11 ],
    "faces": {
        "down":  { "uv": [ 16, 11, 15.5, 7 ], "texture": "#texture" },
        "up":    { "uv": [ 0, 7, 0.5, 11 ], "texture": "#texture" },
        "north": { "uv": [ 15.5, 9, 16, 10 ], "texture": "#texture" },
        "south": { "uv": [ 0, 9, 0.5, 10 ], "texture": "#texture" },
        "west":  { "uv": [ 7, 9, 11, 10 ], "texture": "#texture" }
    }
},
{
    "from": [ 0, 5, 4 ],
    "to": [ 0.5, 6, 5 ],
    "faces": {
        "down":  { "uv": [ 16, 5, 15.5, 4 ], "texture": "#texture" },
        "up":    { "uv": [ 0, 4, 0.5, 5 ], "texture": "#texture" },
        "north": { "uv": [ 15.5, 10, 16, 11 ], "texture": "#texture" },
        "south": { "uv": [ 0, 10, 0.5, 11 ], "texture": "#texture" },
        "west":  { "uv": [ 4, 10, 5, 11 ], "texture": "#texture" }
    }
},
{
    "from": [ 0, 4, 11 ],
    "to": [ 0.5, 5, 13 ],
    "faces": {
        "up":    { "uv": [ 0, 11, 0.5, 13 ], "texture": "#texture" },
        "north": { "uv": [ 15.5, 11, 16, 12 ], "texture": "#texture" },
        "south": { "uv": [ 0, 11, 0.5, 12 ], "texture": "#texture" },
        "west":  { "uv": [ 11, 11, 13, 12 ], "texture": "#texture" }
    }
},
{
    "from": [ 0, 3, 8 ],
    "to": [ 0.5, 4, 14 ],
    "faces": {
        "down":  { "uv": [ 16, 14, 15.5, 8 ], "texture": "#texture" },
        "up":    { "uv": [ 0, 8, 0.5, 14 ], "texture": "#texture" },
        "north": { "uv": [ 15.5, 12, 16, 13 ], "texture": "#texture" },
        "south": { "uv": [ 0, 12, 0.5, 13 ], "texture": "#texture" },
        "west":  { "uv": [ 8, 12, 14, 13 ], "texture": "#texture" }
    }
},
{
    "from": [ 0, 2, 9 ],
    "to": [ 0.5, 3, 11 ],
    "faces": {
        "down":  { "uv": [ 16, 11, 15.5, 9 ], "texture": "#texture" },
        "north": { "uv": [ 15.5, 13, 16, 14 ], "texture": "#texture" },
        "south": { "uv": [ 0, 13, 0.5, 14 ], "texture": "#texture" },
        "west":  { "uv": [ 9, 13, 11, 14 ], "texture": "#texture" }
    }
},
{
    "from": [ 0, 2, 3 ],
    "to": [ 0.5, 3, 5 ],
    "faces": {
        "down":  { "uv": [ 16, 5, 15.5, 3 ], "texture": "#texture" },
        "up":    { "uv": [ 0, 3, 0.5, 5 ], "texture": "#texture" },
        "north": { "uv": [ 15.5, 13, 16, 14 ], "texture": "#texture" },
        "south": { "uv": [ 0, 13, 0.5, 14 ], "texture": "#texture" },
        "west":  { "uv": [ 3, 13, 5, 14 ], "texture": "#texture" }
    }
}
]
}